Handle,State,Party,Chamber
lisamurkowski,AK,R,Senate
SenDanSullivan,AK,R,Senate
SenShelby,AL,R,Senate
SenTuberville,AL,R,Senate
JohnBoozman,AR,R,Senate
SenTomCotton,AR,R,Senate
SenMarkKelly,AZ,D,Senate
SenatorSinema,AZ,D,Senate
SenFeinstein,CA,D,Senate
SenAlexPadilla,CA,D,Senate
SenatorBennet,CO,D,Senate
SenatorHick,CO,D,Senate
SenBlumenthal,CT,D,Senate
ChrisMurphyCT,CT,D,Senate
SenatorCarper,DE,D,Senate
ChrisCoons,DE,D,Senate
marcorubio,FL,R,Senate
SenRickScott,FL,R,Senate
ossoff,GA,D,Senate
SenatorWarnock,GA,D,Senate
maziehirono,HI,D,Senate
SenBrianSchatz,HI,D,Senate
SenJoniErnst,IA,R,Senate
ChuckGrassley,IA,R,Senate
MikeCrapo,ID,R,Senate
SenatorRisch,ID,R,Senate
SenDuckworth,IL,D,Senate
SenatorDurbin,IL,D,Senate
SenatorBraun,IN,R,Senate
SenToddYoung,IN,R,Senate
SenatorMarshall,KS,R,Senate
JerryMoran,KS,R,Senate
senatemajldr,KY,R,Senate
RandPaul,KY,R,Senate
SenBillCassidy,LA,R,Senate
SenJohnKennedy,LA,R,Senate
SenMarkey,MA,D,Senate
SenWarren,MA,D,Senate
SenatorCardin,MD,D,Senate
ChrisVanHollen,MD,D,Senate
SenatorCollins,ME,R,Senate
SenAngusKing,ME,I,Senate
SenGaryPeters,MI,D,Senate
SenStabenow,MI,D,Senate
SenAmyKlobuchar,MN,D,Senate
SenTinaSmith,MN,D,Senate
RoyBlunt,MO,R,Senate
HawleyMO,MO,R,Senate
SenHydeSmith,MS,R,Senate
SenatorWicker,MS,R,Senate
SteveDaines,MT,R,Senate
SenatorTester,MT,D,Senate
SenatorBurr,NC,R,Senate
SenThomTillis,NC,R,Senate
SenKevinCramer,ND,R,Senate
SenJohnHoeven,ND,R,Senate
SenatorFischer,NE,R,Senate
SenSasse,NE,R,Senate
SenatorHassan,NH,D,Senate
SenatorShaheen,NH,D,Senate
CoryBooker,NJ,D,Senate
SenatorMenendez,NJ,D,Senate
MartinHeinrich,NM,D,Senate
SenatorLujan,NM,D,Senate
SenCortezMasto,NV,D,Senate
SenJackyRosen,NV,D,Senate
SenGillibrand,NY,D,Senate
SenSchumer,NY,D,Senate
SenSherrodBrown,OH,D,Senate
senrobportman,OH,R,Senate
JimInhofe,OK,R,Senate
SenatorLankford,OK,R,Senate
SenJeffMerkley,OR,D,Senate
RonWyden,OR,D,Senate
SenBobCasey,PA,D,Senate
SenToomey,PA,R,Senate
SenJackReed,RI,D,Senate
SenWhitehouse,RI,D,Senate
LindseyGrahamSC,SC,R,Senate
SenatorTimScott,SC,R,Senate
SenatorRounds,SD,R,Senate
SenJohnThune,SD,R,Senate
MarshaBlackburn,TN,R,Senate
SenatorHagerty,TN,R,Senate
JohnCornyn,TX,R,Senate
SenTedCruz,TX,R,Senate
SenMikeLee,UT,R,Senate
SenatorRomney,UT,R,Senate
timkaine,VA,D,Senate
MarkWarner,VA,D,Senate
SenatorLeahy,VT,D,Senate
SenSanders,VT,I,Senate
SenatorCantwell,WA,D,Senate
PattyMurray,WA,D,Senate
SenatorBaldwin,WI,D,Senate
SenRonJohnson,WI,R,Senate
SenCapito,WV,R,Senate
Sen_JoeManchin,WV,D,Senate
SenJohnBarrasso,WY,R,Senate
SenLummis,WY,R,Senate
repdonyoung,AK,R,House
Robert_Aderholt,AL,R,House
RepMoBrooks,AL,R,House
RepJerryCarl,AL,R,House
RepBarryMoore,AL,R,House
USRepGaryPalmer,AL,R,House
RepMikeRogersAL,AL,R,House
RepTerriSewell,AL,D,House
RepRickCrawford,AR,R,House
RepFrenchHill,AR,R,House
RepWesterman,AR,R,House
rep_stevewomack,AR,R,House
RepAmata,AS,R,House
RepAndyBiggsAZ,AZ,R,House
RepRubenGallego,AZ,D,House
RepGosar,AZ,R,House
RepRaulGrijalva,AZ,D,House
RepKirkpatrick,AZ,D,House
RepDLesko,AZ,R,House
RepOHalleran,AZ,D,House
RepDavid,AZ,R,House
RepGregStanton,AZ,D,House
RepPeteAguilar,CA,D,House
RepBarragan,CA,D,House
RepKarenBass,CA,D,House
RepBera,CA,D,House
RepBrownley,CA,D,House
KenCalvert,CA,R,House
RepCarbajal,CA,D,House
RepCardenas,CA,D,House
RepJudyChu,CA,D,House
RepLouCorrea,CA,D,House
RepJimCosta,CA,D,House
RepDeSaulnier,CA,D,House
RepAnnaEshoo,CA,D,House
RepGaramendi,CA,D,House
RepMikeGarcia,CA,R,House
RepJimmyGomez,CA,D,House
RepJoshHarder,CA,D,House
RepHuffman,CA,D,House
repdarrellissa,CA,R,House
RepSaraJacobs,CA,D,House
RepRoKhanna,CA,D,House
RepYoungKim,CA,R,House
RepLaMalfa,CA,R,House
RepBarbaraLee,CA,D,House
RepMikeLevin,CA,D,House
RepTedLieu,CA,D,House
RepZoeLofgren,CA,D,House
RepLowenthal,CA,D,House
DorisMatsui,CA,D,House
GOPLeader,CA,R,House
RepMcClintock,CA,R,House
RepMcNerney,CA,D,House
gracenapolitano,CA,D,House
RepDevinNunes,CA,R,House
JayObernolte,CA,R,House
RepJimmyPanetta,CA,D,House
SpeakerPelosi,CA,D,House
RepScottPeters,CA,D,House
RepKatiePorter,CA,D,House
RepRoybalAllard,CA,D,House
RepRaulRuizMD,CA,D,House
RepLindaSanchez,CA,D,House
RepAdamSchiff,CA,D,House
BradSherman,CA,D,House
RepSpeier,CA,D,House
RepSteel,CA,R,House
RepSwalwell,CA,D,House
RepMarkTakano,CA,D,House
RepThompson,CA,D,House
NormaJTorres,CA,D,House
RepDavidValadao,CA,R,House
RepJuanVargas,CA,D,House
RepMaxineWaters,CA,D,House
RepBoebert,CO,R,House
RepKenBuck,CO,R,House
RepJasonCrow,CO,D,House
RepDianaDeGette,CO,D,House
RepDLamborn,CO,R,House
RepJoeNeguse,CO,D,House
RepPerlmutter,CO,D,House
RepJoeCourtney,CT,D,House
rosadelauro,CT,D,House
RepJahanaHayes,CT,D,House
jahimes,CT,D,House
RepJohnLarson,CT,D,House
EleanorNorton,DC,D,House
RepLBR,DE,D,House
RepGusBilirakis,FL,R,House
VernBuchanan,FL,R,House
RepKatCammack,FL,R,House
USRepKCastor,FL,D,House
RepCharlieCrist,FL,D,House
RepValDemings,FL,D,House
RepTedDeutch,FL,D,House
MarioDB,FL,R,House
RepDonaldsPress,FL,R,House
DrNealDunnFL2,FL,R,House
RepLoisFrankel,FL,D,House
RepFranklin,FL,R,House
RepMattGaetz,FL,R,House
RepCarlos,FL,R,House
RepHastingsFL,FL,D,House
RepAlLawsonJr,FL,D,House
RepBrianMast,FL,R,House
RepStephMurphy,FL,D,House
congbillposey,FL,R,House
RepRutherfordFL,FL,R,House
RepMariaSalazar,FL,R,House
RepDarrenSoto,FL,D,House
RepGregSteube,FL,R,House
michaelgwaltz,FL,R,House
RepDWStweets,FL,R,House
RepWebster,FL,R,House
RepWilson,FL,D,House
RepRickAllen,GA,R,House
SanfordBishop,GA,D,House
RepBourdeaux,GA,D,House
RepBuddyCarter,GA,R,House
RepDrewFerguson,GA,R,House
RepMTG,GA,R,House
CongressmanHice,GA,R,House
RepHankJohnson,GA,D,House
RepLoudermilk,GA,R,House
RepLucyMcBath,GA,D,House
AustinScottGA08,GA,R,House
repdavidscott,GA,D,House
RepNikema,GA,D,House
GuamCongressman,GU,D,House
RepEdCase,HI,D,House
KaheleRep,HI,D,House
RepCindyAxne,IA,D,House
RepFeenstra,IA,R,House
RepAshleyHinson,IA,R,House
RepMMM,IA,R,House
RepRussFulcher,ID,R,House
CongMikeSimpson,ID,R,House
RepBost,IL,R,House
RepCheri,IL,D,House
RepCasten,IL,D,House
RepDannyDavis,IL,D,House
RodneyDavis,IL,R,House
RepBillFoster,IL,D,House
RepChuyGarcia,IL,D,House
RepRobinKelly,IL,D,House
RepKinzinger,IL,R,House
CongressmanRaja,IL,D,House
RepLaHood,IL,R,House
RepMarieNewman,IL,D,House
RepMikeQuigley,IL,D,House
RepBobbyRush,IL,D,House
janschakowsky,IL,D,House
RepSchneider,IL,D,House
RepUnderwood,IL,D,House
RepJimBaird,IN,R,House
RepJimBanks,IN,R,House
RepLarryBucshon,IN,R,House
RepAndreCarson,IN,D,House
RepTrey,IN,R,House
RepMrvan,IN,D,House
RepGregPence,IN,R,House
RepSpartz,IN,R,House
RepWalorski,IN,R,House
RepDavids,KS,D,House
RepRonEstes,KS,R,House
RepLaTurner,KS,R,House
RepMann,KS,R,House
RepAndyBarr,KY,R,House
RepJamesComer,KY,R,House
RepGuthrie,KY,R,House
RepThomasMassie,KY,R,House
RepHalRogers,KY,R,House
RepJohnYarmuth,KY,D,House
RepGarretGraves,LA,R,House
RepClayHiggins,LA,R,House
RepMikeJohnson,LA,R,House
SteveScalise,LA,R,House
RepAuchincloss,MA,D,House
RepKClark,MA,D,House
USRepKeating,MA,D,House
RepStephenLynch,MA,D,House
RepMcGovern,MA,D,House
teammoulton,MA,D,House
RepRichardNeal,MA,D,House
RepPressley,MA,D,House
RepLoriTrahan,MA,D,House
RepAnthonyBrown,MD,D,House
RepAndyHarrisMD,MD,R,House
LeaderHoyer,MD,D,House
RepKweisiMfume,MD,D,House
RepRaskin,MD,D,House
Call_Me_Dutch,MD,D,House
RepSarbanes,MD,D,House
RepDavidTrone,MD,D,House
RepGolden,ME,D,House
chelliepingree,ME,D,House
RepJackBergman,MI,R,House
RepDebDingell,MI,D,House
RepHuizenga,MI,R,House
RepDanKildee,MI,D,House
RepLawrence,MI,D,House
RepAndyLevin,MI,D,House
RepLisaMcClain,MI,R,House
RepMeijer,MI,R,House
RepMoolenaar,MI,R,House
RepSlotkin,MI,D,House
RepHaleyStevens,MI,D,House
RepRashida,MI,D,House
RepFredUpton,MI,R,House
RepWalberg,MI,R,House
RepAngieCraig,MN,D,House
RepTomEmmer,MN,R,House
RepFischbach,MN,R,House
RepHagedorn,MN,R,House
BettyMcCollum04,MN,D,House
Ilhan,MN,D,House
RepDeanPhillips,MN,D,House
RepPeteStauber,MN,R,House
RepCori,MO,D,House
repcleaver,MO,D,House
RepSamGraves,MO,R,House
RepHartzler,MO,R,House
USRepLong,MO,R,House
RepBlaine,MO,R,House
RepJasonSmith,MO,R,House
RepAnnWagner,MO,R,House
Kilili_Sablan,MP,D,House
RepMichaelGuest,MS,R,House
RepTrentKelly,MS,R,House
CongPalazzo,MS,R,House
BennieGThompson,MS,D,House
RepRosendale,MT,R,House
RepAdams,NC,D,House
RepDanBishop,NC,R,House
RepTedBudd,NC,R,House
GKButterfield,NC,D,House
RepCawthorn,NC,R,House
virginiafoxx,NC,R,House
RepRichHudson,NC,R,House
RepKManning,NC,D,House
PatrickMcHenry,NC,R,House
RepGregMurphy,NC,R,House
RepDavidEPrice,NC,D,House
RepDeborahRoss,NC,D,House
RepDavidRouzer,NC,R,House
RepArmstrongND,ND,R,House
RepDonBacon,NE,R,House
JeffFortenberry,NE,R,House
RepAdrianSmith,NE,R,House
RepAnnieKuster,NH,D,House
RepChrisPappas,NH,D,House
RepJoshG,NJ,D,House
RepAndyKimNJ,NJ,D,House
RepMalinowski,NJ,D,House
DonaldNorcross,NJ,D,House
FrankPallone,NJ,D,House
BillPascrell,NJ,D,House
RepDonaldPayne,NJ,D,House
RepSherrill,NJ,D,House
RepSires,NJ,D,House
RepBonnie,NJ,D,House
RepDebHaaland,NM,D,House
RepHerrell,NM,R,House
RepTeresaLF,NM,D,House
MarkAmodeiNV2,NV,R,House
RepHorsford,NV,D,House
RepSusieLee,NV,D,House
repdinatitus,NV,D,House
RepBowman,NY,D,House
RepYvetteClarke,NY,D,House
repdelgado,NY,D,House
RepEspaillat,NY,D,House
RepGarbarino,NY,R,House
RepBrianHiggins,NY,D,House
RepJacobs,NY,R,House
RepJeffries,NY,D,House
RepMondaire,NY,D,House
RepJohnKatko,NY,R,House
RepMalliotakis,NY,R,House
RepMaloney,NY,D,House
RepSeanMaloney,NY,D,House
RepGregoryMeeks,NY,D,House
RepGraceMeng,NY,D,House
RepJoeMorelle,NY,D,House
RepJerryNadler,NY,D,House
RepAOC,NY,D,House
RepTomReed,NY,R,House
RepKathleenRice,NY,D,House
RepStefanik,NY,R,House
RepTomSuozzi,NY,D,House
RepPaulTonko,NY,D,House
RepRitchie,NY,D,House
NydiaVelazquez,NY,D,House
RepLeeZeldin,NY,R,House
RepBalderson,OH,R,House
RepBeatty,OH,D,House
RepSteveChabot,OH,R,House
WarrenDavidson,OH,R,House
RepMarciaFudge,OH,D,House
RepBobGibbs,OH,R,House
RepAGonzalez,OH,R,House
RepBillJohnson,OH,R,House
Jim_Jordan,OH,R,House
RepDaveJoyce,OH,R,House
RepMarcyKaptur,OH,D,House
boblatta,OH,R,House
RepTimRyan,OH,D,House
RepSteveStivers,OH,R,House
RepMikeTurner,OH,R,House
RepBradWenstrup,OH,R,House
RepBice,OK,R,House
TomColeOK04,OK,R,House
repkevinhern,OK,R,House
RepFrankLucas,OK,R,House
RepMullin,OK,R,House
RepBentz,OR,R,House
repblumenauer,OR,D,House
RepBonamici,OR,D,House
RepPeterDeFazio,OR,D,House
RepSchrader,OR,D,House
CongBoyle,PA,D,House
RepCartwright,PA,D,House
RepDean,PA,D,House
USRepMikeDoyle,PA,D,House
RepDwightEvans,PA,D,House
RepBrianFitz,PA,R,House
RepHoulahan,PA,D,House
RepJohnJoyce,PA,R,House
RepFredKeller,PA,R,House
MikeKellyPA,PA,R,House
RepConorLamb,PA,D,House
RepMeuser,PA,R,House
RepScottPerry,PA,R,House
GReschenthaler,PA,R,House
RepMGS,PA,D,House
RepSmucker,PA,R,House
CongressmanGT,PA,R,House
RepSusanWild,PA,D,House
RepJenniffer,PR,R,House
RepCicilline,RI,D,House
JimLangevin,RI,D,House
WhipClyburn,SC,D,House
RepJeffDuncan,SC,R,House
RepNancyMace,SC,R,House
RepRalphNorman,SC,R,House
RepTomRice,SC,R,House
RepTimmons,SC,R,House
RepJoeWilson,SC,R,House
RepDustyJohnson,SD,R,House
RepTimBurchett,TN,R,House
RepCohen,TN,D,House
repjimcooper,TN,D,House
DesJarlaisTN04,TN,R,House
RepChuck,TN,R,House
RepMarkGreen,TN,R,House
RepHarshbarger,TN,R,House
RepDavidKustoff,TN,R,House
RepJohnRose,TN,R,House
RepColinAllred,TX,D,House
RepArrington,TX,R,House
RepBrianBabin,TX,R,House
RepKevinBrady,TX,R,House
michaelcburgess,TX,R,House
JudgeCarter,TX,R,House
JoaquinCastrotx,TX,D,House
RepCloudTX,TX,R,House
RepDanCrenshaw,TX,R,House
RepCuellar,TX,D,House
RepLloydDoggett,TX,D,House
RepEscobar,TX,D,House
RepPatFallon,TX,R,House
RepFletcher,TX,D,House
RepSylviaGarcia,TX,D,House
replouiegohmert,TX,R,House
RepTonyGonzales,TX,R,House
RepGonzalez,TX,D,House
RepKayGranger,TX,R,House
RepAlGreen,TX,D,House
JacksonLeeTX18,TX,D,House
RepRonnyJackson,TX,R,House
RepEBJ,TX,D,House
RepMcCaul,TX,R,House
RepTroyNehls,TX,R,House
RepPfluger,TX,R,House
RepChipRoy,TX,R,House
PeteSessions,TX,R,House
RepVanTaylor,TX,R,House
RepBethVanDuyne,TX,R,House
RepVeasey,TX,R,House
RepFilemonVela,TX,D,House
TXRandy14,TX,R,House
RepRWilliams,TX,R,House
RepRonWright,TX,R,House
RepJohnCurtis,UT,R,House
RepBlakeMoore,UT,R,House
RepBurgessOwens,UT,R,House
RepChrisStewart,UT,R,House
RepDonBeyer,VA,D,House
RepBenCline,VA,R,House
GerryConnolly,VA,D,House
RepBobGood,VA,R,House
RepMGriffith,VA,R,House
RepElaineLuria,VA,D,House
RepMcEachin,VA,D,House
BobbyScott,VA,D,House
RepSpanberger,VA,D,House
RepWexton,VA,D,House
RobWittman,VA,R,House
StaceyPlaskett,VI,D,House
PeterWelch,VT,D,House
RepDelBene,WA,D,House
HerreraBeutler,WA,R,House
RepJayapal,WA,D,House
RepDerekKilmer,WA,D,House
RepRickLarsen,WA,D,House
RepNewhouse,WA,R,House
cathymcmorris,WA,R,House
RepKimSchrier,WA,D,House
RepAdamSmith,WA,D,House
RepStricklandWA,WA,D,House
RepFitzgerald,WI,R,House
RepGallagher,WI,R,House
RepGrothman,WI,R,House
RepRonKind,WI,D,House
RepGwenMoore,WI,D,House
repmarkpocan,WI,D,House
RepBryanSteil,WI,R,House
RepTiffany,WI,R,House
RepMcKinley,WV,R,House
RepCarolMiller,WV,R,House
RepMaryMiller,WV,R,House
RepAlexMooney,WV,R,House
RepLizCheney,WY,R,House
RepShontelBrown,OH,D,House
RepMikeCarey,OH,R,House
RepTroyCarter,LA,D,House
CongresswomanSC,SC,R,House
Rep_Clyde,GA,R,House
Lancegooden,TX,R,House
RepJuliaLetlow,LA,R,House
Rep_Stansbury,NM,D,House
claudiatenney,NY,R,House