﻿PRE/POST,AGE ,RACE,RACE.binary,ETHNICITY,GRAVIDA,PARA,Multiple,Hypertensive.disorders,maternal.diabetes,Maternal.Diabetes.treatment,Mode.delivery,Fetal.Distress,Prolonged.Rupture,Chorioamnionitis,SEPSIS,GESTATIONAL.AGE,PRETERM.TERM,Gender,BIRTH.WEIGHT,APGAR.SCORE.1,APGAR.SCORE.5,MECONIUM.CONSISTENCY,ROUTINE.RESUSCITATION,PPV,Endotracheal.suction,Meconium.recovered,Cardiopulmonary.resuscitation,REASON.ADMISSION,Respiratory.Reason.Admission,Respiratory.Distress.Syndrome,Transient.Tachypnea,Meconium.Aspiration.Syndrome,Respiratory.Support,oxygen.therapy,mechanical.ventilation,Surfactant,Pneumothorax,Antibiotics.duration,Breastfeeding,Exposure.xrays,Length.stay,X.Ray.finding,SNAPPE.II.SCORE
1,30,WHITE,1,0,1,1,0,0,1,INSULIN,C section,1,0,1,NEG CULTURES,36.6,LATE PRETERM,M,2.65,0,3,THICK,1,1,1,1,1,RESP,1, an,0,1,SIMV,0,1,No,0,7,0,1,9,MAS,25
1,32,BLACK,0,0,1,1,0,0,1,INSULIN,VAGINAL,0,0,1,NEG CULTURES,39.1,TERM,M,4.58,1,4,THIN,1,1,1,1,0,OTHER,0,0,0,0,SIMV,0,1,No,0,2,1,1,14,NORMAL,18
1,34,WHITE,1,1,1,1,0,0,0,,VAGINAL,0,0,0,NEG CULTURES,38.4,TERM,M,3.98,7,9,THICK,1,0,1,1,0,RESP,1,1,0,0,SIMV,0,1,No,0,10,0,1,28,CARDIOMEGALY,16
1,22,WHITE,1,0,1,1,0,0,0,,VAGINAL,0,0,0,,39,TERM,F,3.43,4,8,THIN,1,1,1,0,0,RESP,1,1,0,0,NC,1,0,No,1,0,1,1,3,PNEUMOTHORAX,18
1,32,WHITE,1,1,1,1,0,0,0,,VAGINAL,0,0,0,,41.4,TERM,M,3.76,1,4,THICK,1,1,1,0,0,RESP,1,1,0,0,CPAP,1,0,No,1,2,1,1,3,PNEUMOTHORAX,18
1,30,WHITE,1,0,1,1,0,0,0,,VAGINAL,0,0,0,,40.4,TERM,F,3.81,2,7,THIN,1,1,1,0,0,RESP,1,1,0,0,SIMV,0,1,No,0,0,1,0,4,No x ray,18
1,34,WHITE,1,1,1,1,0,0,0,,C section,1,0,1,NEG CULTURES,41.2,TERM,M,2.59,2,8,THICK,1,1,1,0,0,CHORIOAMNIONITIS,0,0,0,0,NC,1,0,No,0,2,1,1,4,NORMAL,37
1,28,WHITE,1,1,1,1,0,0,0,,VAGINAL,0,1,1,NEG CULTURES,40.1,TERM,F,3.23,2,7,THICK,1,1,1,0,0,RESP,1,0,0,1,CPAP,1,0,No,0,5,0,1,4,MAS,18
1,31,WHITE,1,0,2,2,0,0,0,,VAGINAL,0,1,1,NEG CULTURES,41.6,TERM,M,3.95,2,4,THIN,1,1,1,0,0,RESP,1,1,1,0,CPAP,1,0,No,1,2,0,1,5,PNEUMOTHORAX,18
1,32,WHITE,1,0,1,1,0,0,0,,VAGINAL,0,0,0,,41.1,TERM,F,4.01,5,7,THICK,1,1,1,0,0,RESP,1,1,0,0,CPAP,1,0,No,1,2,1,1,5,PNEUMOTHORAX,34
1,24,OTHER,0,1,5,4,0,0,1,MEDS,VAGINAL,0,0,1,POS CULTURES,38.2,TERM,M,3.28,2,7,THICK,1,1,1,0,0,CHORIOAMNIONITIS,0,1,0,0,CPAP,1,0,No,1,5,1,1,6,PNEUMOTHORAX,23
1,31,WHITE,1,0,3,1,0,0,0,,VAGINAL,0,1,1,NEG CULTURES,40.2,TERM,M,3.605,3,7,THICK,1,1,1,0,0,RESP,1,0,0,0,CPAP,1,0,No,0,5,0,1,7,NORMAL,0
1,31,OTHER,0,1,1,1,0,0,0,,VAGINAL,0,0,1,NEG CULTURES,40.2,TERM,F,3.33,2,4,THIN,1,1,1,0,0,RESP,1,0,0,0,CPAP,1,0,No,0,7,1,1,8,NORMAL,18
1,29,WHITE,1,1,2,1,0,0,1,INSULIN,C section,1,0,1,NEG CULTURES,37,TERM,M,2.68,2,1,THICK,1,1,1,0,1,OTHER,0,1,0,0,SIMV,0,1,No,0,2,0,1,15,RDS/TTN,34
1,32,WHITE,1,0,2,2,0,0,0,,C section,1,0,0,NEG CULTURES,38,TERM,M,3.32,7,8,THICK,1,1,1,0,0,RESP,1,1,0,0,SIMV,0,1,No,1,7,1,1,28,PNEUMOTHORAX,0
1,31,WHITE,1,0,1,1,0,0,0,,VAGINAL,0,1,1,NEG CULTURES,37.1,TERM,M,2.53,6,9,THICK,1,1,0,0,0,CHORIOAMNIONITIS,0,0,0,0,CPAP,1,0,No,0,1.5,1,1,2,NORMAL,18
1,39,ASIAN,0,0,2,1,0,0,0,,VAGINAL,0,0,1,NEG CULTURES,39.3,TERM,M,4.02,3,6,THIN,1,1,0,0,0,RESP,1,0,0,0,CPAP,1,0,No,0,2,1,1,2,NORMAL,18
1,33,WHITE,1,1,1,1,0,0,0,,VAGINAL,0,1,1,NEG CULTURES,40.1,TERM,F,3.43,7,9,THIN,1,1,0,0,0,CHORIOAMNIONITIS,0,0,0,0,RA,0,0,No,0,1.5,1,0,2,No x ray,0
1,23,OTHER,0,0,2,1,0,0,0,,C section,1,0,1,NEG CULTURES,40.3,TERM,M,3.41,7,9,THICK,1,0,0,0,0,CHORIOAMNIONITIS,0,0,0,0,RA,0,0,No,0,2,0,0,2,No x ray,0
1,34,WHITE,1,0,1,1,0,0,0,,VAGINAL,0,0,1,NEG CULTURES,40.5,TERM,F,3.37,6,9,THICK,1,1,0,0,0,CHORIOAMNIONITIS,0,0,0,0,RA,0,0,No,0,2,1,0,2,No x ray,18
1,29,WHITE,1,1,7,4,0,0,0,,VAGINAL,0,1,0,,41,TERM,F,3.55,7,9,THICK,1,0,0,0,0,RESP,1,0,1,0,NC,1,0,No,0,2,0,1,2,NORMAL,0
1,36,WHITE,1,0,2,1,0,0,0,,C section,1,0,0,,40,TERM,F,3.9,1,7,THIN,1,1,0,0,0,RESP,1,0,0,0,CPAP,1,0,No,0,0,1,1,3,NORMAL,18
1,33,WHITE,1,0,2,2,0,0,0,,VAGINAL,0,1,1,NEG CULTURES,40.2,TERM,F,2.97,3,7,THICK,1,1,0,0,0,RESP,1,0,0,0,CPAP,1,0,No,0,2,0,1,3,NORMAL,30
1,28,WHITE,1,1,5,2,0,0,0,,VAGINAL,0,1,1,NEG CULTURES,41.6,TERM,F,3.95,7,9,THICK,1,0,0,0,0,CHORIOAMNIONITIS,0,0,0,1,RA,0,0,No,0,2,0,1,3,MAS,0
1,29,BLACK,0,0,4,3,0,0,0,,C section,0,0,1,NEG CULTURES,40,TERM,F,4.31,7,9,THIN,1,0,0,0,0,CHORIOAMNIONITIS,0,0,0,0,RA,0,0,No,0,1.5,0,0,3,No x ray,0
1,47,WHITE,1,0,1,1,0,0,0,,VAGINAL,0,1,1,NEG CULTURES,40.4,TERM,F,3.55,7,9,THICK,1,0,0,0,0,CHORIOAMNIONITIS,0,0,0,0,RA,0,0,No,0,1.5,1,0,3,No x ray,0
1,31,WHITE,1,0,1,1,0,0,0,,VAGINAL,0,0,0,,40.6,TERM,M,3.54,6,9,THICK,1,1,0,0,0,RESP,1,0,1,0,RA,0,0,No,0,0,1,0,3,No x ray,18
1,36,BLACK,0,0,1,1,0,0,0,,VAGINAL,0,0,1,NEG CULTURES,39.6,TERM,M,2.63,2,9,THIN,1,1,0,0,0,RESP,1,0,0,0,RA,0,0,No,0,2,0,0,3,No x ray,18
1,28,BLACK,0,0,1,1,0,0,1,,C section,1,0,1,NEG CULTURES,39.6,TERM,M,3.71,6,9,THICK,1,0,0,0,0,CHORIOAMNIONITIS,0,0,0,0,RA,0,0,No,0,2,1,0,3,No x ray,18
1,28,WHITE,1,1,2,1,0,0,0,,VAGINAL,0,0,0,,37.2,TERM,M,2.52,6,8,THICK,1,0,0,0,0,RESP,1,0,1,0,RA,0,0,No,0,0,1,0,3,No x ray,30
1,30,WHITE,1,0,1,1,0,0,0,,C section,1,1,0,,39.1,TERM,M,3.34,7,8,THIN,1,0,0,0,0,RESP,1,0,0,0,RA,0,0,No,0,2,1,1,3,NORMAL,0
1,36,WHITE,1,0,2,1,0,0,0,,C section,1,0,0,,41,TERM,F,2.95,4,8,THICK,1,0,0,0,0,RESP,1,0,0,0,RA,0,0,No,0,0,1,1,3,NORMAL,18
1,34,WHITE,1,0,1,1,0,0,0,,VAGINAL,0,0,0,,39,TERM,M,3.19,2,7,THICK,1,1,0,0,0,RESP,1,0,1,0,RA,0,0,No,0,0,0,1,3,NORMAL,18
1,36,ASIAN,0,0,1,1,0,0,0,,C section,1,0,1,NEG CULTURES,39.6,TERM,F,3.64,4,6,THIN,1,0,0,0,0,RESP,1,0,1,0,NC,1,0,No,0,1.5,0,1,3,NORMAL,18
1,27,WHITE,1,1,1,1,0,0,0,,C section,1,0,0,,40.5,TERM,M,3.3,1,6,THIN,1,1,0,0,0,RESP,1,0,0,0,SIMV,0,1,No,0,0,0,1,3,NORMAL,18
1,36,WHITE,1,0,1,1,0,0,0,,VAGINAL,0,0,0,,40.6,TERM,M,3.34,7,8,THIN,1,0,0,0,0,RESP,1,0,1,0,CPAP,1,0,No,1,0,1,1,3,PNEUMOTHORAX,0
1,27,WHITE,1,1,3,3,0,0,0,,VAGINAL,0,0,0,,38,TERM,F,4,7,8,THIN,1,1,0,0,0,RESP,1,0,1,0,NC,1,0,No,0,0,0,1,3,RDS/TTN,0
1,30,OTHER,0,0,1,1,0,0,0,,C section,1,0,1,NEG CULTURES,40.2,TERM,F,4.05,6,8,THICK,1,0,0,0,0,CHORIOAMNIONITIS,0,0,1,0,CPAP,1,0,No,0,1.5,0,1,3,RDS/TTN,23
1,29,BLACK,0,0,2,2,0,0,1,MEDS,C section,1,0,1,NEG CULTURES,38,TERM,F,3.84,6,9,THIN,1,0,0,0,0,CHORIOAMNIONITIS,0,0,0,0,RA,0,0,No,0,2,1,0,4,No x ray,0
1,21,WHITE,1,0,2,1,0,0,0,,C section,1,0,0,,39.3,TERM,M,2.74,3,5,THIN,1,1,0,0,0,RESP,1,0,1,0,CPAP,1,0,No,0,0,1,0,4,No x ray,3
1,28,OTHER,0,0,1,1,0,0,0,,C section,1,0,1,NEG CULTURES,40.2,TERM,M,2.99,5,9,THICK,1,1,0,0,0,CHORIOAMNIONITIS,0,0,0,0,RA,0,0,No,0,3,1,0,4,No x ray,18
1,27,WHITE,1,0,2,1,0,0,0,,VAGINAL,0,0,1,NEG CULTURES,40.6,TERM,M,3.96,6,7,THIN,1,0,0,0,0,CHORIOAMNIONITIS,0,0,0,0,RA,0,0,No,0,2,1,0,4,No x ray,18
1,38,WHITE,1,0,1,1,0,0,0,,VAGINAL,0,1,1,NEG CULTURES,40.3,TERM,F,3.98,5,9,THICK,1,1,0,0,0,CHORIOAMNIONITIS,0,0,0,0,RA,0,0,No,0,2,1,0,4,No x ray,18
1,28,WHITE,1,1,2,1,0,0,0,,C section,1,0,0,,40.3,TERM,M,3.62,2,8,THICK,1,1,0,0,0,RESP,1,0,1,0,CPAP,1,0,No,0,0,1,0,4,No x ray,18
1,30,WHITE,1,1,1,1,0,0,0,,C section,1,0,0,,41,TERM,F,3.7,2,8,THIN,1,1,0,0,0,RESP,1,0,1,0,NC,1,0,No,0,0,1,1,4,NORMAL,18
1,41,OTHER,0,0,7,9,0,0,0,,C section,1,0,1,NEG CULTURES,40.3,TERM,M,3.37,3,7,THIN,1,1,0,0,0,CHORIOAMNIONITIS,0,0,0,0,RA,0,0,No,0,1,1,0,4,NORMAL,18
1,29,WHITE,1,0,3,1,0,0,0,,VAGINAL,0,1,0,NEG CULTURES,41,TERM,M,4.1,4,8,THIN,1,1,0,0,0,CHORIOAMNIONITIS,0,0,0,0,NC,1,0,No,0,2,0,1,4,NORMAL,18
1,34,WHITE,1,0,1,1,0,0,0,,C section,1,0,1,NEG CULTURES,40.5,TERM,F,3.55,2,8,THIN,1,1,0,0,0,RESP,1,0,0,0,RA,0,0,No,0,2,1,1,4,NORMAL,18
1,30,WHITE,1,1,1,1,0,0,0,,C section,1,1,0,,41,TERM,F,3.98,1,3,THIN,1,1,0,0,1,RESP,1,0,0,0,SIMV,0,1,No,0,2,1,1,4,NORMAL,23
1,29,WHITE,1,0,1,1,0,1,0,,VAGINAL,0,0,1,NEG CULTURES,41.2,TERM,F,3.97,4,7,THIN,1,1,0,0,0,RESP,1,0,0,0,CPAP,1,0,No,0,2,1,1,4,NORMAL,25
1,26,WHITE,1,0,3,1,0,0,0,,VAGINAL,0,0,0,,40.4,TERM,M,3.25,7,9,THICK,1,1,0,0,0,RESP,1,0,1,0,RA,0,0,No,0,0,1,1,4,RDS/TTN,0
1,31,WHITE,1,0,1,1,0,0,0,,C section,1,0,0,,40.4,TERM,M,3.54,3,8,THICK,1,1,0,0,0,RESP,1,0,1,0,NC,1,0,No,0,0,0,1,4,RDS/TTN,18
1,37,WHITE,1,0,2,1,0,0,1,,VAGINAL,0,0,1,NEG CULTURES,40.5,TERM,F,2.99,6,8,THICK,1,0,0,0,0,RESP,1,1,0,0,CPAP,1,0,No,1,2,1,1,5,PNEUMOTHORAX,42
1,28,OTHER,0,0,6,3,0,0,0,,C section,1,0,1,NEG CULTURES,40.3,TERM,F,3.81,1,7,THICK,1,1,0,0,0,RESP,1,0,0,0,CPAP,1,0,No,0,2,0,1,5,NORMAL,34
1,36,WHITE,1,0,4,1,0,0,0,,VAGINAL,0,1,1,NEG CULTURES,39.6,TERM,M,3.31,2,8,THIN,1,1,0,0,0,RESP,1,0,0,1,CPAP,1,0,No,0,1.5,1,1,5,MAS,18
1,22,WHITE,1,1,2,1,0,0,0,,C section,1,0,0,,39.3,TERM,M,3.84,4,9,THICK,1,1,0,0,0,RESP,1,0,0,1,CPAP,1,0,No,0,2,1,1,5,MAS,23
1,38,WHITE,1,0,3,3,0,0,0,,C section,1,0,1,NEG CULTURES,41.2,TERM,M,3.5,7,8,THIN,1,0,0,0,0,CHORIOAMNIONITIS,0,0,0,0,RA,0,0,No,0,2,1,0,5,No x ray,0
1,29,WHITE,1,0,4,3,0,0,1,MEDS,VAGINAL,0,0,1,NEG CULTURES,38.6,TERM,F,3.1,7,9,THICK,1,0,0,0,0,CHORIOAMNIONITIS,0,0,0,0,RA,0,0,No,0,5,1,0,5,No x ray,0
1,31,WHITE,1,0,1,1,0,0,0,,VAGINAL,0,0,0,,40,TERM,M,3.95,4,7,THICK,1,0,0,0,0,RESP,1,0,0,0,RA,0,0,No,0,0,1,1,5,NORMAL,0
1,27,WHITE,1,0,1,1,0,0,1,,C section,1,0,1,NEG CULTURES,41,TERM,F,4.12,2,6,THICK,1,1,0,0,0,RESP,1,0,1,0,RA,0,0,No,0,5,1,1,5,NORMAL,18
1,26,WHITE,1,0,1,1,0,0,0,,VAGINAL,0,0,1,NEG CULTURES,41.1,TERM,M,3.31,5,8,THICK,1,0,0,0,0,CHORIOAMNIONITIS,0,0,0,0,RA,0,0,No,0,2,1,1,5,NORMAL,18
1,30,WHITE,1,0,1,1,0,0,0,,C section,1,0,0,NEG CULTURES,39,TERM,M,2.89,2,9,THICK,1,1,0,0,0,RESP,1,0,1,0,CPAP,1,0,No,0,2,0,1,5,NORMAL,34
1,37,WHITE,1,0,1,1,0,0,0,,VAGINAL,0,0,0,,40.3,TERM,M,3.29,7,8,THIN,1,0,0,0,0,RESP,1,0,1,0,NC,1,0,No,1,0,1,1,5,PNEUMOTHORAX,0
1,21,WHITE,1,0,1,1,0,0,0,,C section,1,0,0,,39,TERM,M,2.37,6,7,THIN,1,0,0,0,0,OTHER,0,0,1,0,RA,0,0,No,1,0,1,1,5,PNEUMOTHORAX,25
1,28,WHITE,1,1,1,1,0,0,0,,VAGINAL,0,1,1,NEG CULTURES,40.6,TERM,M,3.27,3,6,THIN,1,1,0,0,0,CHORIOAMNIONITIS,0,0,1,0,CPAP,1,0,No,0,2,0,1,5,RDS/TTN,18
1,32,WHITE,1,0,3,2,0,0,0,,C section,1,0,0,,36.3,LATE PRETERM,M,3.92,2,7,THICK,1,1,0,0,0,RESP,1,0,1,0,CPAP,1,0,No,0,0,1,1,5,RDS/TTN,18
1,39,OTHER,0,1,6,5,0,0,1,MEDS,C section,0,0,1,NEG CULTURES,38.1,TERM,M,2.83,1,4,THIN,1,1,0,0,0,RESP,1,0,0,0,SIMV,0,1,No,0,2,1,1,6,NORMAL,42
1,24,BLACK,0,0,1,1,0,0,0,,C section,1,0,1,NEG CULTURES,40,TERM,M,4.06,7,9,THIN,1,0,0,0,0,RESP,1,0,0,1,CPAP,1,0,No,0,5,1,1,6,MAS,0
1,32,WHITE,1,0,2,1,0,0,0,,VAGINAL,0,0,1,NEG CULTURES,40.5,TERM,M,3.63,6,8,THICK,1,1,0,0,0,CHORIOAMNIONITIS,0,0,0,1,CPAP,1,0,No,0,2,1,1,6,MAS,18
1,26,BLACK,0,1,1,1,0,0,0,,C section,1,0,1,NEG CULTURES,40,TERM,M,3.82,6,9,THIN,1,1,0,0,0,CHORIOAMNIONITIS,0,0,1,0,RA,0,0,No,0,2,1,0,6,No x ray,18
1,38,WHITE,1,1,4,4,0,0,0,,VAGINAL,0,0,1,NEG CULTURES,40.5,TERM,M,3.14,1,9,THIN,1,1,0,0,0,CHORIOAMNIONITIS,0,0,0,0,RA,0,0,No,0,5,0,0,6,No x ray,18
1,16,BLACK,0,0,1,1,0,0,0,,C section,1,0,1,NEG CULTURES,40,TERM,M,3.65,4,7,THIN,1,1,0,0,0,RESP,1,0,0,0,CPAP,1,0,No,0,5,1,0,6,No x ray,18
1,26,WHITE,1,0,1,1,0,0,0,,VAGINAL,0,0,0,,37.6,TERM,M,3.19,3,8,THIN,1,1,0,0,0,OTHER,0,0,1,0,RA,0,0,No,0,0,0,0,6,No x ray,25
1,30,WHITE,1,0,2,1,0,0,0,,C section,1,1,1,NEG CULTURES,40.3,TERM,M,3.16,2,5,THIN,1,1,0,0,0,RESP,1,0,1,0,CPAP,1,0,No,0,3,1,1,6,NORMAL,18
1,25,ASIAN,0,1,2,1,0,0,0,,VAGINAL,0,0,1,NEG CULTURES,39.2,TERM,M,3.37,4,7,THIN,1,0,0,0,0,RESP,1,0,1,0,CPAP,1,0,No,0,2,0,1,6,NORMAL,25
1,33,WHITE,1,0,2,1,0,0,0,,VAGINAL,0,0,0,,39.3,TERM,M,3.15,3,8,THIN,1,1,0,0,0,RESP,1,0,1,0,SIMV,0,1,No,0,1.5,1,1,6,NORMAL,25
1,35,WHITE,1,0,3,1,0,0,0,,C section,1,0,0,,40.5,TERM,F,3.5,1,7,THICK,1,1,0,0,0,RESP,1,0,0,0,SIMV,0,1,No,0,3,1,1,7,NORMAL,7
1,20,OTHER,0,0,2,1,0,0,0,,VAGINAL,0,0,1,NEG CULTURES,40.3,TERM,M,3.01,5,5,THICK,1,1,0,0,0,RESP,1,0,0,1,SIMV,0,1,No,0,7,1,1,7,MAS,18
1,32,WHITE,1,1,4,2,0,0,0,,C section,0,1,1,NEG CULTURES,39.4,TERM,F,2.99,0,3,THICK,1,1,0,0,1,RESP,1,0,0,1,CPAP,1,0,No,0,5,0,1,7,MAS,18
1,23,WHITE,1,1,4,1,0,0,1,MEDS,VAGINAL,0,0,1,NEG CULTURES,38.5,TERM,F,3.39,5,7,THIN,1,1,0,0,0,RESP,1,0,0,1,CPAP,1,0,No,0,7,0,1,7,MAS,25
1,32,WHITE,1,1,2,2,0,0,1,INSULIN,C section,1,0,1,NEG CULTURES,36,LATE PRETERM,F,2.83,6,9,THIN,1,1,0,0,0,RESP,1,0,0,1,NC,1,0,No,0,2,1,1,7,MAS,25
1,32,WHITE,1,1,1,1,0,0,0,,VAGINAL,0,1,0,NEG CULTURES,39.2,TERM,M,3.09,5,9,THICK,1,1,0,0,0,CHORIOAMNIONITIS,0,0,1,0,RA,0,0,No,0,2,0,0,7,No x ray,18
1,27,ASIAN,0,0,3,3,0,0,1,INSULIN,VAGINAL,0,0,1,NEG CULTURES,38.6,TERM,F,3.81,7,9,THICK,1,0,0,0,0,CHORIOAMNIONITIS,0,0,0,0,RA,0,0,No,0,2,1,1,7,NORMAL,0
1,32,WHITE,1,0,1,1,0,0,0,,VAGINAL,0,0,0,,38,TERM,M,3.12,2,8,THICK,1,1,0,0,0,RESP,1,0,0,0,RA,0,0,No,0,0,1,1,7,NORMAL,18
1,29,ASIAN,0,0,2,2,0,0,0,,C section,0,0,1,NEG CULTURES,39.4,TERM,M,3.51,3,8,THIN,1,0,0,0,0,RESP,1,0,1,0,RA,0,0,No,0,1.5,1,1,7,NORMAL,39
1,34,WHITE,1,0,1,1,0,0,1,,VAGINAL,0,0,1,NEG CULTURES,37,TERM,F,3.36,7,9,THIN,1,0,0,0,0,RESP,1,0,1,0,CPAP,1,0,No,0,2,1,1,7,RDS/TTN,0
1,36,WHITE,1,1,1,1,0,0,0,,C section,1,0,0,,36.4,LATE PRETERM,M,3.17,6,7,THIN,1,1,0,0,0,RESP,1,0,1,0,CPAP,1,0,No,0,0,1,1,7,RDS/TTN,18
1,35,OTHER,0,1,1,1,0,0,0,,VAGINAL,0,0,1,NEG CULTURES,40.2,TERM,F,3.74,1,8,THICK,1,0,0,0,0,RESP,1,0,0,0,CPAP,1,0,No,0,7,0,1,8,NORMAL,18
1,20,WHITE,1,1,2,1,0,0,1,,C section,1,0,1,NEG CULTURES,39.6,TERM,M,3.35,2,7,THIN,1,1,0,0,0,RESP,1,0,1,0,SIMV,0,1,No,0,1.5,1,1,8,RDS/TTN,34
1,34,WHITE,1,0,5,1,0,0,0,,C section,1,0,1,NEG CULTURES,41.4,TERM,M,4.21,7,8,THIN,1,0,0,0,0,CHORIOAMNIONITIS,0,0,0,0,NC,1,0,No,0,2,1,1,10,NORMAL,0
1,25,WHITE,1,0,1,1,0,0,0,,C section,1,0,0,,40.3,TERM,M,2.99,6,7,THICK,1,0,0,0,0,RESP,1,1,0,0,SIMV,0,1,No,0,7,0,1,11,CARDIOMEGALY,23
1,21,WHITE,1,0,1,1,0,0,0,,VAGINAL,0,0,0,,38.6,TERM,M,3.82,3,7,THICK,1,1,0,0,0,RESP,1,0,0,1,SIMV,0,1,1,0,5,1,1,11,MAS,23
1,26,WHITE,1,0,1,1,0,0,0,,VAGINAL,0,0,0,,37.6,TERM,F,3.98,6,8,THIN,1,1,0,0,0,OTHER,0,0,1,0,NC,1,0,No,0,2,1,1,11,NORMAL,0
1,27,ASIAN,0,0,3,2,0,0,0,,C section,0,0,1,NEG CULTURES,39.5,TERM,F,3.44,5,7,THICK,1,1,0,0,0,RESP,1,0,0,1,SIMV,0,1,No,0,2,0,1,13,MAS,18
1,36,WHITE,1,0,3,1,0,0,0,,VAGINAL,0,0,0,,40.6,TERM,F,2.63,4,8,THIN,1,1,0,0,0,RESP,1,0,0,0,CPAP,1,0,No,0,5,1,1,14,NORMAL,34
1,32,OTHER,0,0,2,2,0,0,0,,C section,0,0,1,NEG CULTURES,40.3,TERM,F,2.41,3,5,THICK,1,1,0,0,0,RESP,1,0,0,0,CPAP,1,0,No,0,5,0,1,14,NORMAL,56
1,23,WHITE,1,0,1,1,0,0,0,,VAGINAL,0,0,0,NEG CULTURES,40.3,TERM,M,3.33,1,5,THICK,1,1,0,0,0,RESP,1,0,0,1,HFJV,0,1,No,0,7,1,1,14,MAS,39
1,24,WHITE,1,0,3,2,0,0,0,,VAGINAL,0,0,0,,37.1,TERM,F,1.99,7,9,THIN,1,0,0,0,0,OTHER,0,0,0,0,RA,0,0,No,0,0,0,0,14,No x ray,30
1,24,BLACK,0,0,2,1,0,1,0,,C section,1,0,1,NEG CULTURES,40.1,TERM,M,3.18,0,3,THICK,1,1,0,0,1,CHORIOAMNIONITIS,0,1,0,0,SIMV,0,1,No,1,1.5,1,1,21,PNEUMOTHORAX,0
1,30,WHITE,1,0,4,2,0,0,0,,C section,1,0,0,,41.2,TERM,F,3.86,1,3,THICK,1,1,0,0,1,RESP,1,1,0,0,SIMV,0,1,No,0,5,1,1,28,RDS/TTN,23
1,36,WHITE,1,1,1,1,0,0,0,,C section,0,0,0,NEG CULTURES,40.1,TERM,F,4.38,0,1,THICK,1,1,0,0,1,RESP,1,0,0,1,HFJV,0,1,1,0,5,1,1,28,MAS,53
1,36,WHITE,1,0,1,1,0,0,0,,C section,1,0,0,,38.1,TERM,F,3.05,7,9,THIN,1,0,0,0,0,OTHER,0,0,0,0,RA,0,0,No,0,0,0,0,28,No x ray,0
1,33,WHITE,1,0,3,1,0,0,0,,VAGINAL,0,0,0,POS CULTURES,40.2,TERM,M,4.09,6,8,THICK,1,0,0,0,0,CHORIOAMNIONITIS,0,0,0,0,RA,0,0,No,0,21,0,1,28,NORMAL,18
1,30,WHITE,1,1,1,1,0,0,0,,VAGINAL,0,0,0,,39,TERM,M,3.18,6,7,THICK,1,1,0,0,0,RESP,1,0,0,1,HFJV,0,1,1,0,5,1,1,31,MAS,12
1,36,ASIAN,0,0,6,4,0,0,1,MEDS,C section,0,0,1,NEG CULTURES,37.1,TERM,F,2.66,1,3,THICK,1,1,0,0,0,RESP,1,0,0,1,SIMV,0,1,No,0,16,1,1,41,MAS,65
1,22,WHITE,1,1,1,1,0,0,0,,VAGINAL,0,0,0,,37.5,TERM,F,2.66,1,3,THICK,1,1,0,0,0,RESP,1,0,0,1,HFJV,0,1,No,0,16,1,1,42,MAS,78
0,19,BLACK,0,0,2,2,0,0,0,,VAGINAL,0,0,1,NEG CULTURES,40.1,TERM,M,3.2,5,7,THIN,1,1,1,1,0,RESP,1,0,0,1,CPAP,1,0,No,1,2,0,1,10,MAS,39
0,25,WHITE,1,0,1,1,0,0,0,,VAGINAL,0,0,0,NEG CULTURES,38,TERM,F,1.94,4,8,THICK,1,1,1,1,0,RESP,1,1,0,0,HFJV,0,1,1,1,1.5,0,1,21,PNEUMOTHORAX,42
0,26,WHITE,1,0,1,1,0,0,0,,C section,1,0,0,,37.5,TERM,M,1.97,7,8,THIN,1,0,1,1,0,OTHER,0,0,0,0,RA,0,0,No,0,0,1,0,7,No x ray,12
0,27,WHITE,1,0,2,1,0,0,0,,VAGINAL,0,1,0,,40.3,TERM,M,3.35,7,8,THICK,1,0,1,1,0,OTHER,0,0,0,0,RA,0,0,No,0,0,1,0,3,No x ray,0
0,28,WHITE,1,0,2,2,0,0,0,,VAGINAL,0,0,0,,39.2,TERM,F,3.28,6,8,THICK,1,1,1,1,0,RESP,1,0,0,0,RA,0,0,No,1,0,1,1,4,PNEUMOTHORAX,18
0,29,WHITE,1,0,2,2,0,0,0,,VAGINAL,0,0,0,,39.1,TERM,F,3.65,7,7,THIN,1,1,1,1,0,RESP,1,0,1,0,CPAP,1,0,No,0,0,1,1,4,RDS/TTN,30
0,30,WHITE,1,0,1,1,0,0,0,,VAGINAL,0,1,1,NEG CULTURES,38.2,TERM,M,3.61,7,9,THIN,1,0,1,1,0,CHORIOAMNIONITIS,0,0,0,0,RA,0,0,No,0,2,1,0,3,No x ray,0
0,30,ASIAN,0,1,5,2,0,0,0,,C section,0,0,1,NEG CULTURES,39.5,TERM,F,3.65,4,5,THICK,1,0,1,1,0,RESP,1,1,0,0,SIMV,0,1,No,1,5,0,1,7,PNEUMOTHORAX,25
0,30,WHITE,1,1,4,3,0,0,0,,C section,0,0,1,NEG CULTURES,41.3,TERM,F,3.94,5,7,THICK,1,1,1,1,0,CHORIOAMNIONITIS,0,0,0,1,HFJV,0,1,No,0,5,1,1,16,MAS,41
0,32,BLACK,0,0,1,1,0,0,0,,VAGINAL,0,0,1,NEG CULTURES,40.1,TERM,F,2.97,3,8,THIN,1,1,1,1,0,OTHER,0,0,0,0,RA,0,0,No,0,5,1,0,7,No x ray,18
0,33,WHITE,1,0,1,1,0,0,0,,C section,1,1,1,NEG CULTURES,39.4,TERM,F,3.04,2,6,THIN,1,1,1,1,0,CHORIOAMNIONITIS,0,0,1,0,CPAP,1,0,No,0,2,1,1,4,NORMAL,34
0,34,ASIAN,0,0,1,1,0,0,0,,C section,1,0,1,NEG CULTURES,39.5,TERM,M,4.03,7,8,THICK,1,0,1,1,0,CHORIOAMNIONITIS,0,0,0,0,RA,0,0,No,0,2,0,0,4,No x ray,0
0,34,WHITE,1,0,1,1,0,0,0,,C section,1,0,1,NEG CULTURES,41.4,TERM,F,3.37,6,8,THICK,1,0,1,1,0,CHORIOAMNIONITIS,0,0,0,1,CPAP,1,0,No,0,2,1,1,6,MAS,18
0,34,WHITE,1,0,1,1,0,0,0,,VAGINAL,0,1,1,NEG CULTURES,37.1,TERM,M,3.62,7,8,THICK,1,0,1,1,0,RESP,1,0,1,0,NC,1,0,No,0,5,1,1,7,NORMAL,0
0,34,WHITE,1,0,2,2,0,0,0,,VAGINAL,0,0,0,,41,TERM,F,2.98,6,8,THICK,1,1,1,1,0,RESP,1,0,0,1,CPAP,1,0,No,0,7,0,1,14,MAS,18
0,37,WHITE,1,0,1,1,0,0,0,,C section,1,0,0,,40.6,TERM,F,3.61,2,8,THICK,1,1,1,1,0,RESP,1,0,0,0,RA,0,0,No,0,0,1,0,3,No x ray,18
0,41,ASIAN,0,0,2,1,0,0,0,,C section,1,0,1,NEG CULTURES,39.6,TERM,M,3.35,1,5,THIN,1,1,1,1,0,RESP,1,0,0,0,CPAP,1,0,No,0,2,1,1,19,NORMAL,34
0,45,OTHER,0,0,1,1,0,0,0,,VAGINAL,0,0,1,NEG CULTURES,40.2,TERM,M,3.76,3,9,THICK,1,1,1,1,0,CHORIOAMNIONITIS,0,0,0,0,RA,0,0,No,0,2,1,0,5,No x ray,18
0,19,WHITE,1,0,1,1,0,0,0,,VAGINAL,0,,,NEG CULTURES,37,TERM,M,2.42,4,8,THIN,1,0,1,1,0,CHORIOAMNIONITIS,0,0,0,0,RA,0,0,No,0,2,0,0,3,No x ray,30
0,19,WHITE,1,0,1,1,0,0,0,,VAGINAL,0,0,0,,38.4,TERM,F,2.97,3,9,THICK,1,1,1,1,0,RESP,1,0,1,0,CPAP,1,0,No,0,0,1,1,4,RDS/TTN,30
0,27,WHITE,1,0,6,2,0,0,0,,VAGINAL,0,1,1,NEG CULTURES,41.1,TERM,F,3.29,5,8,THICK,1,1,1,1,0,CHORIOAMNIONITIS,0,0,1,0,RA,0,0,No,1,2,1,1,5,PNEUMOTHORAX,18
0,30,WHITE,1,0,1,1,0,0,0,,VAGINAL,0,1,1,NEG CULTURES,40,TERM,M,3.74,6,9,THICK,1,0,1,1,0,CHORIOAMNIONITIS,0,0,1,0,NC,1,0,No,0,2,1,1,4,NORMAL,0
0,31,OTHER,0,0,3,3,0,0,0,,C section,0,0,1,NEG CULTURES,40.5,TERM,F,3.65,1,7,THICK,1,1,1,1,0,RESP,1,1,0,0,SIMV,0,1,No,1,2,1,1,4,PNEUMOTHORAX,18
0,32,WHITE,1,0,1,1,0,0,0,,VAGINAL,0,0,0,,41.5,TERM,F,4.32,5,7,THICK,1,1,1,1,0,RESP,1,0,0,1,RA,0,0,No,0,0,0,1,3,MAS,18
0,33,WHITE,1,0,2,1,0,0,0,,C section,1,0,1,NEG CULTURES,41,TERM,F,4.05,2,7,THICK,1,1,1,1,0,RESP,1,0,0,0,SIMV,0,1,No,0,2,1,1,3,NORMAL,18
0,36,WHITE,1,0,1,1,0,0,0,,VAGINAL,0,0,0,,40.3,TERM,M,3.46,4,7,THIN,1,1,1,1,0,RESP,1,0,0,0,CPAP,1,0,No,0,0,1,1,7,NORMAL,34
0,38,BLACK,0,0,2,2,0,0,1,INSULIN,VAGINAL,0,0,1,NEG CULTURES,39.4,TERM,M,3.59,2,6,THICK,1,1,1,1,0,CHORIOAMNIONITIS,0,0,1,0,CPAP,1,0,No,0,2,0,1,10,RDS/TTN,18
0,18,OTHER,0,1,2,1,0,0,0,,VAGINAL,0,0,1,NEG CULTURES,40.4,TERM,M,4.41,7,8,THICK,1,0,1,1,0,CHORIOAMNIONITIS,0,0,0,0,RA,0,0,No,0,2,1,0,3,No x ray,0
0,20,OTHER,0,0,2,1,0,0,0,,C section,1,0,1,NEG CULTURES,40.3,TERM,F,3.78,3,7,THICK,1,1,1,1,0,RESP,1,0,1,0,RA,0,0,No,0,2,1,1,3,NORMAL,18
0,22,WHITE,1,0,2,2,0,0,0,,C section,1,0,0,,40.1,TERM,F,3.6,7,9,THIN,1,0,1,1,0,RESP,1,0,1,0,RA,0,0,No,0,0,1,1,3,NORMAL,0
0,19,BLACK,0,1,3,3,0,0,1,MEDS,VAGINAL,0,0,1,NEG CULTURES,38,TERM,M,3.83,2,3,THICK,1,1,1,0,0,RESP,1,0,0,0,CPAP,1,0,No,0,2,1,1,21,RDS/TTN,53
0,22,ASIAN,0,1,2,2,0,0,0,,VAGINAL,0,0,1,NEG CULTURES,39,TERM,F,3.1,4,8,THIN,1,1,1,0,0,RESP,1,0,1,0,CPAP,1,0,No,0,2,1,1,3,NORMAL,18
0,24,BLACK,0,1,4,4,0,0,0,,VAGINAL,0,0,1,NEG CULTURES,40.1,TERM,M,3.45,7,8,THICK,1,0,1,0,0,CHORIOAMNIONITIS,0,0,1,0,RA,0,0,No,0,5,0,1,6,NORMAL,0
0,24,WHITE,1,0,4,1,0,0,0,,C section,0,0,0,NEG CULTURES,40,TERM,M,3.29,4,6,THICK,1,1,1,0,0,RESP,1,0,0,1,SIMV,0,1,No,0,5,1,1,13,MAS,58
0,25,WHITE,1,0,4,2,0,0,0,,C section,1,0,0,,40.5,TERM,M,3.96,7,8,THICK,1,0,1,0,0,RESP,1,0,0,1,CPAP,1,0,No,0,0,0,1,3,MAS,0
0,28,ASIAN,0,0,1,1,0,0,0,,VAGINAL,0,0,1,NEG CULTURES,39,TERM,F,3.43,3,5,THIN,1,1,1,0,0,OTHER,0,0,1,0,RA,0,0,No,0,2,1,1,5,RDS/TTN,18
0,29,WHITE,1,0,1,1,0,0,0,,VAGINAL,0,1,0,NEG CULTURES,40.3,TERM,M,3.4,3,8,THICK,1,1,1,0,0,RESP,1,0,0,1,CPAP,1,0,No,0,0,1,1,3,MAS,25
0,31,WHITE,1,0,1,1,0,1,0,,VAGINAL,0,1,1,NEG CULTURES,41.3,TERM,M,3.77,2,5,THICK,1,1,1,0,0,RESP,1,0,0,1,SIMV,0,1,No,0,2,0,1,3,MAS,5
0,31,WHITE,1,1,3,2,0,0,0,,VAGINAL,0,1,1,NEG CULTURES,41,TERM,F,3.76,5,6,THICK,1,1,1,0,0,RESP,1,0,0,1,SIMV,0,1,No,1,5,1,1,6,MAS,18
0,31,OTHER,0,0,1,1,0,0,0,,VAGINAL,0,0,1,NEG CULTURES,40.3,TERM,F,2.7,5,9,THICK,1,0,1,0,0,CHORIOAMNIONITIS,0,0,1,0,RA,0,0,No,0,2,1,1,7,NORMAL,30
0,32,WHITE,1,1,3,3,0,0,0,,C section,1,0,0,,42,TERM,M,4.41,5,7,THICK,1,1,1,0,0,RESP,1,0,0,1,SIMV,0,1,No,0,5,0,1,5,MAS,18
0,33,WHITE,1,0,3,1,0,0,0,,VAGINAL,0,0,0,,40.3,TERM,F,3.33,3,7,THICK,1,1,1,0,0,RESP,1,0,1,0,CPAP,1,0,No,1,0,1,1,7,PNEUMOTHORAX,23
0,34,WHITE,1,1,3,3,0,0,0,,VAGINAL,0,0,0,,40,TERM,M,4.21,3,9,THIN,1,1,1,0,0,OTHER,0,0,0,0,RA,0,0,No,0,0,1,1,4,NORMAL,18
0,34,WHITE,1,1,1,1,0,0,0,,VAGINAL,0,0,0,NEG CULTURES,39.1,TERM,F,4.63,7,8,THICK,1,1,1,0,0,RESP,1,1,0,0,CPAP,1,0,No,0,2,0,1,28,CARDIOMEGALY,16
0,40,WHITE,1,0,4,2,0,0,0,,C section,0,0,0,,38,TERM,M,2.39,7,8,THIN,1,1,1,0,0,RESP,1,0,0,0,CPAP,1,0,No,0,2,0,1,14,NORMAL,16
0,41,WHITE,1,0,2,1,0,0,0,,VAGINAL,0,1,1,NEG CULTURES,40.3,TERM,M,3.38,5,8,THIN,1,1,1,0,0,CHORIOAMNIONITIS,0,0,1,0,CPAP,1,0,No,0,3,0,1,4,NORMAL,0
0,32,PACIFIC ISLANDER,0,0,2,2,0,0,0,,C section,1,0,1,NEG CULTURES,40.5,TERM,M,4.24,3,7,THIN,1,1,1,0,0,CHORIOAMNIONITIS,0,0,0,0,SIMV,0,1,No,0,1.5,1,1,4,NORMAL,18
0,19,WHITE,1,0,2,1,0,0,0,,VAGINAL,0,0,0,,39,TERM,M,3.96,2,7,THICK,1,1,1,0,0,RESP,1,0,1,0,NC,1,0,No,0,5,1,1,6,NORMAL,30
0,19,WHITE,1,0,1,1,0,0,0,,C section,1,0,0,,39.5,TERM,F,3.5,7,9,THICK,1,1,1,0,0,RESP,1,0,0,1,CPAP,1,0,No,0,7,1,1,7,MAS,5
0,19,WHITE,1,1,1,0,0,0,0,,VAGINAL,0,0,0,,36,LATE PRETERM,M,2.5,6,6,THIN,1,1,1,0,0,OTHER,0,0,0,0,SIMV,0,1,1,0,2,0,1,17,RDS/TTN,42
0,20,OTHER,0,0,6,3,0,1,0,,C section,1,0,1,NEG CULTURES,40.3,TERM,M,3.62,4,7,THICK,1,1,1,0,0,RESP,1,0,0,1,CPAP,1,0,No,0,2,0,1,7,MAS,18
0,21,WHITE,1,0,1,1,0,0,0,,VAGINAL,0,0,1,NEG CULTURES,41,TERM,F,3.5,2,7,THICK,1,1,1,0,0,CHORIOAMNIONITIS,0,0,1,0,RA,0,0,No,0,2,1,1,2,NORMAL,25
0,21,WHITE,1,0,3,3,0,0,0,,VAGINAL,0,0,1,NEG CULTURES,41.1,TERM,F,3.44,2,9,THICK,1,1,1,0,0,CHORIOAMNIONITIS,0,0,0,0,RA,0,0,No,0,2,0,0,3,No x ray,18
0,21,BLACK,0,1,7,3,0,0,0,,C section,1,0,1,NEG CULTURES,40,TERM,M,3.85,2,8,THICK,1,1,1,0,0,RESP,1,0,1,0,CPAP,1,0,No,0,2,1,1,3,RDS/TTN,18
0,21,WHITE,1,0,2,1,0,0,0,,VAGINAL,0,0,0,,40.3,TERM,F,3.12,6,7,THIN,1,0,1,0,0,RESP,1,0,0,0,RA,0,0,No,0,0,1,0,4,No x ray,0
0,21,WHITE,1,0,2,2,0,0,0,,VAGINAL,0,0,0,,40.4,TERM,M,3.77,4,5,THICK,1,1,1,0,0,OTHER,0,0,1,0,CPAP,1,0,No,0,5,1,1,12,NORMAL,58
0,21,WHITE,1,1,1,1,0,0,0,,C section,1,1,1,NEG CULTURES,39.4,TERM,M,4.27,2,8,THICK,1,1,1,0,0,RESP,1,1,0,0,CPAP,1,0,No,1,21,1,1,21,PNEUMOTHORAX,18
0,22,BLACK,0,1,3,2,0,0,0,,C section,1,0,1,NEG CULTURES,40,TERM,F,3.42,6,8,THIN,1,0,1,0,0,CHORIOAMNIONITIS,0,0,0,0,RA,0,0,No,0,2,1,1,3,NORMAL,18
0,22,OTHER,0,0,3,1,0,0,1,,VAGINAL,0,0,1,NEG CULTURES,39.5,TERM,M,3.34,3,9,THICK,1,1,1,0,0,CHORIOAMNIONITIS,0,0,0,0,RA,0,0,No,0,2,0,1,3,NORMAL,18
0,23,WHITE,1,0,1,1,0,0,0,,VAGINAL,0,0,0,,40,TERM,F,3.5,2,8,THIN,1,1,1,0,0,RESP,1,0,1,0,CPAP,1,0,No,0,0,1,1,3,NORMAL,18
0,24,ASIAN,0,1,3,3,0,0,0,,C section,1,0,1,NEG CULTURES,39.3,TERM,F,3.92,3,5,THIN,1,1,1,0,0,RESP,1,0,0,1,CPAP,1,0,No,0,2,1,1,3,MAS,18
0,24,WHITE,1,0,3,1,0,0,0,,VAGINAL,0,1,1,NEG CULTURES,40.6,TERM,M,3,7,9,THICK,1,0,1,0,0,CHORIOAMNIONITIS,0,0,0,0,RA,0,0,No,0,2,1,0,3,No x ray,0
0,25,WHITE,1,0,1,1,0,0,0,,VAGINAL,0,1,1,NEG CULTURES,39.3,TERM,F,3,6,9,THICK,1,1,1,0,0,CHORIOAMNIONITIS,0,0,1,0,RA,0,0,No,0,2,1,0,2,No x ray,18
0,25,WHITE,1,0,1,1,0,0,0,,VAGINAL,0,0,0,,37,TERM,M,2.58,4,7,THIN,1,0,1,0,0,OTHER,0,0,1,0,RA,0,0,No,0,2,1,1,6,NORMAL,34
0,25,WHITE,1,0,1,1,0,0,0,,C section,1,0,0,,40.1,TERM,F,3.32,7,9,THIN,1,0,1,0,0,OTHER,0,0,0,0,RA,0,0,No,0,0,0,0,7,No x ray,0
0,26,WHITE,1,1,3,1,0,0,0,,VAGINAL,0,1,0,NEG CULTURES,39.3,TERM,M,3.2,4,6,THICK,1,1,1,0,0,RESP,1,0,1,0,CPAP,1,0,No,0,2,0,0,3,No x ray,18
0,26,WHITE,1,0,1,1,0,0,0,,C section,1,0,1,NEG CULTURES,41,TERM,F,3.07,6,8,THICK,1,1,1,0,0,CHORIOAMNIONITIS,0,0,0,0,RA,0,0,No,0,2,1,0,4,No x ray,0
0,26,OTHER,0,0,2,1,0,0,0,,VAGINAL,0,0,1,NEG CULTURES,40.2,TERM,M,3.15,4,4,THIN,1,1,1,0,0,CHORIOAMNIONITIS,0,0,0,1,CPAP,1,0,No,0,5,1,1,7,MAS,23
0,26,BLACK,0,1,3,2,0,0,1,MEDS,C section,0,0,1,NEG CULTURES,37.5,TERM,F,2.5,3,8,THICK,1,1,1,0,0,RESP,1,1,0,0,CPAP,1,0,No,1,2,1,1,10,PNEUMOTHORAX,18
0,26,WHITE,1,0,1,1,0,0,0,,VAGINAL,0,0,0,,39.1,TERM,M,3.31,4,8,THIN,1,0,1,0,0,RESP,1,0,1,0,CPAP,1,0,No,0,0,1,0,14,No x ray,18
0,27,BLACK,0,0,3,1,0,0,1,,VAGINAL,0,0,1,NEG CULTURES,40.1,TERM,M,3.94,7,9,THIN,1,1,1,0,0,CHORIOAMNIONITIS,0,0,0,0,RA,0,0,No,0,2,1,0,2,No x ray,0
0,27,WHITE,1,0,2,1,0,0,0,,VAGINAL,0,1,1,NEG CULTURES,38.1,TERM,M,3.33,7,9,THICK,1,0,1,0,0,CHORIOAMNIONITIS,0,0,0,0,RA,0,0,No,0,2,0,0,3,No x ray,0
0,27,WHITE,1,0,10,1,0,1,0,,VAGINAL,0,0,1,NEG CULTURES,41.2,TERM,M,3.86,7,8,THICK,1,0,0,0,0,CHORIOAMNIONITIS,0,0,0,0,RA,0,0,No,0,2,0,0,4,No x ray,0
0,27,WHITE,1,1,1,1,0,0,0,,C section,1,0,1,NEG CULTURES,41.5,TERM,M,3.87,7,9,THICK,1,0,0,0,0,CHORIOAMNIONITIS,0,0,0,0,RA,0,0,No,0,1.5,1,0,4,No x ray,0
0,27,WHITE,1,0,1,1,0,0,0,,VAGINAL,0,0,0,NEG CULTURES,40.1,TERM,M,3.7,1,9,THICK,1,1,0,0,0,RESP,1,0,0,0,CPAP,1,0,No,1,2,0,1,4,PNEUMOTHORAX,0
0,27,WHITE,1,1,1,1,0,0,0,,VAGINAL,0,0,0,,40.6,TERM,F,3.54,4,9,THIN,1,1,0,0,0,RESP,1,0,1,0,CPAP,1,0,No,1,0,1,1,4,PNEUMOTHORAX,18
0,27,WHITE,1,0,1,1,0,0,0,,VAGINAL,0,0,1,NEG CULTURES,41,TERM,M,2.93,3,7,THIN,1,1,0,0,0,CHORIOAMNIONITIS,0,0,1,0,RA,0,0,No,0,2,1,1,14,NORMAL,
0,27,WHITE,1,1,1,1,0,0,0,,VAGINAL,0,1,1,POS CULTURES,41.4,TERM,M,3.75,4,7,THICK,1,1,0,0,0,RESP,1,0,0,0,RA,0,0,No,0,21,1,1,22,NORMAL,25
0,28,WHITE,1,0,1,1,0,0,0,,VAGINAL,0,0,0,,38.5,TERM,F,3.61,5,8,THIN,1,1,0,0,0,RESP,1,0,0,1,RA,0,0,No,0,0,1,1,3,MAS,0
0,28,WHITE,1,0,3,2,0,0,0,,VAGINAL,0,0,0,,40.6,TERM,M,3.5,3,6,THICK,1,1,0,0,0,RESP,1,0,0,1,CPAP,1,0,No,0,2,1,1,5,MAS,18
0,28,WHITE,1,1,3,3,0,0,0,,VAGINAL,0,0,1,NEG CULTURES,41,TERM,F,2.86,7,8,THICK,1,0,0,0,0,CHORIOAMNIONITIS,0,0,1,0,RA,0,0,No,0,10,1,1,8,NORMAL,0
0,28,WHITE,1,0,2,2,0,0,0,,C section,1,0,0,,39.5,TERM,M,3.58,7,8,THICK,1,1,0,0,0,RESP,1,0,0,1,HFJV,0,1,1,0,7,0,1,23,MAS,23
0,29,WHITE,1,0,2,2,0,0,0,,C section,1,0,0,,39.6,TERM,F,3.63,4,7,THIN,1,1,0,0,0,RESP,1,0,0,0,RA,0,0,No,0,0,1,1,4,NORMAL,0
0,29,WHITE,1,1,1,1,0,0,0,,VAGINAL,0,0,0,,36,LATE PRETERM,F,2.51,7,8,THIN,1,0,0,0,0,OTHER,0,0,0,0,RA,0,0,No,0,0,0,0,8,No x ray,12
0,29,WHITE,1,1,2,2,0,0,0,,VAGINAL,0,0,0,,38.5,TERM,M,3.53,1,5,THIN,1,1,0,0,0,RESP,1,0,0,0,SIMV,0,1,No,0,1.5,1,1,13,NORMAL,53
0,30,WHITE,1,0,2,1,0,0,0,,VAGINAL,0,0,0,,40.4,TERM,M,3.78,1,5,THICK,1,1,0,0,0,RESP,1,0,0,1,SIMV,0,1,No,0,2,1,1,4,MAS,39
0,30,WHITE,1,0,1,1,0,0,0,,C section,1,0,0,,41.2,TERM,F,3.59,3,9,THICK,1,1,0,0,0,RESP,1,0,0,1,NC,1,0,No,0,5,1,1,6,MAS,18
0,31,OTHER,0,0,1,1,0,0,0,,C section,1,0,1,NEG CULTURES,40.3,TERM,F,3.72,3,9,THICK,1,1,0,0,0,RESP,1,0,0,0,CPAP,1,0,No,0,2,1,1,3,NORMAL,18
0,31,WHITE,1,0,1,1,0,0,0,,VAGINAL,0,0,0,,41.1,TERM,M,3.95,4,7,THIN,1,1,0,0,0,RESP,1,0,0,0,RA,0,0,No,0,1.5,0,1,4,NORMAL,18
0,31,OTHER,0,0,1,1,0,0,0,,VAGINAL,0,0,1,NEG CULTURES,40.4,TERM,M,3.5,4,7,THICK,1,1,0,0,0,RESP,1,0,0,1,SIMV,0,1,No,0,2,0,1,6,MAS,18
0,31,WHITE,1,0,1,1,0,0,0,,C section,1,1,1,NEG CULTURES,40.3,TERM,M,3.17,4,9,THICK,1,1,0,0,0,CHORIOAMNIONITIS,0,0,1,0,RA,0,0,No,0,5,1,1,7,NORMAL,18
0,31,WHITE,1,0,1,1,0,1,0,,C section,0,1,1,NEG CULTURES,39.3,TERM,M,3.36,7,9,THICK,1,1,0,0,0,CHORIOAMNIONITIS,0,0,1,0,RA,0,0,No,0,7,1,0,8,No x ray,0
0,32,WHITE,1,0,1,1,0,0,0,,VAGINAL,0,0,0,,36.6,LATE PRETERM,M,2.85,1,6,THIN,1,1,0,0,0,RESP,1,0,0,0,CPAP,1,0,No,0,0,0,0,4,No x ray,18
0,32,WHITE,1,0,1,1,0,0,0,,C section,1,0,0,,40,TERM,F,3.29,4,7,THIN,1,1,0,0,0,RESP,1,0,1,0,NC,1,0,No,0,0,1,1,4,NORMAL,18
0,32,WHITE,1,0,2,1,0,0,0,,C section,1,0,0,,41.5,TERM,F,3.31,4,8,THICK,1,1,0,0,0,RESP,1,0,0,0,RA,0,0,No,1,2,0,1,5,PNEUMOTHORAX,18
0,32,WHITE,1,0,2,1,0,0,0,,VAGINAL,0,0,1,NEG CULTURES,41.5,TERM,M,3.4,3,6,THICK,1,1,0,0,0,RESP,1,0,1,0,CPAP,1,0,No,0,2,1,1,7,NORMAL,25
0,32,ASIAN,0,0,1,1,0,0,0,,C section,1,0,1,NEG CULTURES,39.1,TERM,M,3.85,3,7,THICK,1,1,0,0,0,CHORIOAMNIONITIS,0,0,0,1,CPAP,1,0,No,0,7,1,1,9,MAS,18
0,32,ASIAN,0,0,1,1,0,0,1,,VAGINAL,0,0,1,NEG CULTURES,39.5,TERM,M,3.23,4,8,THICK,1,1,0,0,0,RESP,1,0,0,1,CPAP,1,0,No,0,5,1,1,11,MAS,18
0,32,WHITE,1,0,1,1,0,0,0,,C section,1,0,1,NEG CULTURES,41.3,TERM,F,3.06,2,7,THIN,1,1,0,0,0,RESP,1,0,0,1,SIMV,0,1,No,0,5,0,1,16,MAS,45
0,32,WHITE,1,0,1,1,0,0,0,,VAGINAL,0,0,0,NEG CULTURES,41.2,TERM,F,3.2,0,0,THICK,1,1,0,0,0,RESP,1,1,0,0,SIMV,0,1,No,1,1.5,0,1,56,PNEUMOTHORAX,67
0,33,WHITE,1,0,2,1,0,0,0,,VAGINAL,0,1,1,NEG CULTURES,39,TERM,F,3,1,5,THICK,1,1,0,0,0,RESP,1,1,0,0,NC,1,0,No,1,2,1,1,5,PNEUMOTHORAX,25
0,34,BLACK,0,1,1,1,0,0,0,,C section,1,0,1,NEG CULTURES,40.1,TERM,M,3.86,3,8,THICK,1,1,0,0,0,CHORIOAMNIONITIS,0,0,0,1,RA,0,0,No,0,2,1,1,3,MAS,18
0,34,WHITE,1,0,1,1,0,0,0,,VAGINAL,0,1,1,NEG CULTURES,40.6,TERM,M,3.65,4,8,THICK,1,0,0,0,0,CHORIOAMNIONITIS,0,0,0,0,RA,0,0,No,0,7,1,0,7,No x ray,18
0,34,WHITE,1,1,1,1,0,0,0,,C section,1,0,0,,38,TERM,M,4.4,7,9,THIN,1,0,0,0,0,RESP,1,0,1,0,CPAP,1,0,No,1,0,0,1,7,PNEUMOTHORAX,0
0,34,WHITE,1,0,2,1,0,0,0,,VAGINAL,0,1,1,NEG CULTURES,39,TERM,M,3.69,5,6,THIN,1,1,0,0,0,CHORIOAMNIONITIS,0,0,0,0,SIMV,0,1,No,0,2,1,1,9,NORMAL,30
0,34,WHITE,1,0,1,1,0,0,1,INSULIN,VAGINAL,0,0,1,NEG CULTURES,36.2,LATE PRETERM,M,3.97,4,7,THIN,1,1,0,0,0,RESP,1,0,0,0,CPAP,1,0,No,0,2,1,1,16,NORMAL,25
0,34,ASIAN,0,0,4,2,0,0,1,INSULIN,VAGINAL,0,0,1,NEG CULTURES,37.4,TERM,M,3.31,6,7,THIN,1,1,0,0,0,RESP,1,0,1,0,CPAP,1,0,No,0,2,1,1,17,NORMAL,18
0,35,WHITE,1,0,1,1,0,0,0,,VAGINAL,0,0,1,NEG CULTURES,41.2,TERM,M,4.26,7,8,THIN,1,0,0,0,0,CHORIOAMNIONITIS,0,0,1,0,NC,1,0,No,1,2,1,1,4,PNEUMOTHORAX,0
0,35,WHITE,1,1,2,1,0,0,0,,C section,1,0,0,,39.5,TERM,F,3.48,2,8,THIN,1,1,0,0,0,RESP,1,0,1,0,CPAP,1,0,No,0,2,1,1,6,NORMAL,18
0,36,WHITE,1,1,2,2,0,0,0,,VAGINAL,0,0,0,,37.1,TERM,M,3.11,7,9,THIN,1,1,0,0,0,RESP,1,0,1,0,NC,1,0,No,1,0,0,1,4,PNEUMOTHORAX,0
0,36,WHITE,1,0,1,1,0,0,0,,C section,1,0,0,NEG CULTURES,40.1,TERM,M,3.3,3,8,THIN,1,1,0,0,0,RESP,1,1,0,0,CPAP,1,0,No,1,2,1,1,6,PNEUMOTHORAX,50
0,37,BLACK,0,1,1,1,0,0,0,,VAGINAL,0,0,1,NEG CULTURES,39.6,TERM,M,3.86,7,9,THIN,1,1,0,0,0,CHORIOAMNIONITIS,0,0,0,0,RA,0,0,No,0,5,1,0,5,No x ray,0
0,37,WHITE,1,0,1,1,0,0,1,INSULIN,VAGINAL,0,0,1,NEG CULTURES,39.1,TERM,M,3.67,2,6,THIN,1,1,0,0,0,RESP,1,0,0,1,CPAP,1,0,No,0,2,1,1,8,MAS,39
0,37,WHITE,1,0,2,1,0,0,0,,VAGINAL,0,0,0,,40.6,TERM,M,2.6,6,5,THICK,1,1,0,0,0,RESP,1,0,1,0,RA,0,0,No,0,2,1,1,8,NORMAL,18
0,38,WHITE,1,0,5,2,0,0,0,,C section,1,1,1,NEG CULTURES,39.5,TERM,F,3.87,2,7,THICK,1,1,0,0,0,RESP,1,0,0,1,CPAP,1,0,No,0,10,0,1,10,MAS,18
0,39,WHITE,1,0,2,1,0,0,1,MEDS,VAGINAL,0,0,1,NEG CULTURES,38.5,TERM,F,3.38,5,8,THIN,1,1,0,0,0,CHORIOAMNIONITIS,0,0,0,0,CPAP,1,0,No,0,5,0,1,8,NORMAL,23
0,42,WHITE,1,0,1,1,0,0,0,,VAGINAL,0,1,1,NEG CULTURES,40.1,TERM,M,3.75,7,9,THICK,1,0,0,0,0,CHORIOAMNIONITIS,0,0,0,0,RA,0,0,No,0,2,0,0,4,No x ray,0